{"q_table": [[0.5875597476234071, 0.0, 0.0, 0.0, 0.0], [0.6158751795195035, 0.0, 0.0, 0.13688875735552, 0.0], [0.7081249480596752, 0.19617018869906278, 0.06745190000000001, 0.0, 0.0], [0.7621992851407264, 0.0, 0.0, 0.0, 0.072284], [0.7254947281697202, 0.0, 0.18954011736645962, 0.0, 0.0], [0.6383828548429009, 0.0, 0.0, 0.0, 0.0], [0.5578358309498632, 0.0, 0.0, 0.0, 0.0], [0.45984114333576465, 0.0, 0.0, 0.0, 0.0], [0.5646744801517986, 0.0, 0.13852698154507545, 0.0, 0.0], [0.5295043508711539, 0.0, 0.0, 0.0, 0.0]], "state_size": 10, "action_size": 5, "lr": 0.1, "gamma": 0.9, "epsilon": 0.1, "subjects": ["Subject 1", "Subject 2", "Subject 3"], "subject_to_idx": {"Subject 1": 0, "Subject 2": 1, "Subject 3": 2}, "idx_to_subject": {"0": "Subject 1", "1": "Subject 2", "2": "Subject 3"}}